data_coleta,titulo,resumo,instituicao,nivel,area,vagas,inscricoes_inicio,inscricoes_fim,url,status,data_publicacao,fonte
2026-08-01T05:45:40.367540Z,Seleção de Mestrado 2026 - CFAC,Seleção de Mestrado 2026 ... O Programa de Pós-Graduação em Artes da Universidade Federal do Sul da Bahia torna público o Edital PROPPG nº 07/2026 ...,UFSB,Especialização - Aluno Especial,Comunicação e Artes,10,2026-07-28T00:00:00Z,2026-07-28T00:00:00Z,https://ufsb.edu.br/cfartes/documentos/editais/450-selecao-de-mestrado-2026,Encerrado,2026-07-28T00:00:00Z,Google Search (UFSB)
2026-08-01T05:45:40.367540Z,Cursos de especialização a distância do IFRS recebem inscrições - Instituto Federal do Rio Grande do Sul,"... inscrições abertas para a seleção de estudantes, com ingresso no segundo semestre de 2026. Os cursos são gratuitos, a distância (modalidade EaD) ...",IFRS,Especialização - Aluno Especial,Gestão e Negócios,10,2026-06-19T00:00:00Z,2026-07-03T00:00:00Z,https://ifrs.edu.br/cursos-de-especializacoes-a-distancia-do-ifrs-recebem-inscricoes/,Encerrado,2026-06-19T00:00:00Z,Google Search (IFRS)
2026-08-01T05:45:40.367540Z,Pós-graduações EaD do Campus Sertão abrem seleção para ingresso em 2026/2 - Campus Sertão,Edital n° 28/2026 – Processo Seletivo Discente para ... Especialização em Desenvolvimento e Inovação no semestre letivo 2026/2 na modalidade de EaD ...,IFRS,Especialização - Aluno Especial,Educação,10,2026-06-18T00:00:00Z,2026-07-03T00:00:00Z,https://ifrs.edu.br/sertao/pos-graduacoes-ead-do-campus-sertao-abrem-selecao-para-ingresso-em-2026-2/,Encerrado,2026-06-18T00:00:00Z,Google Search (IFRS)
2026-08-01T05:45:40.367540Z,057/2026AR - Educação e Linguagens - Lato Sensu - Aluno Regular,Inscrições para o processo seletivo da UNEB: 057/2026AR - Educação e Linguagens - Lato Sensu - Aluno Regular. Período de inscrições de 25/06/2026 a 10/07/2026. Consulte o edital completo no portal SSPPG UNEB.,UNEB,Especialização - Aluno Especial,Humanas e Sociais,15,2026-06-25T12:00:00Z,2026-07-10T23:59:59Z,https://ssppg.uneb.br/inicio/editalExterno/1549?selecao=1549,Encerrado,2026-06-25T12:00:00Z,UNEB SSPPG
2026-08-01T05:45:40.367540Z,"060/2026 - Gênero, Raça/Etnia e Sexualidade na Formação de Educadoras/es - EAD - Lato Sensu - Aluno Regular","Inscrições para o processo seletivo da UNEB: 060/2026 - Gênero, Raça/Etnia e Sexualidade na Formação de Educadoras/es - EAD - Lato Sensu - Aluno Regular. Período de inscrições de 03/07/2026 a 13/07/2026. Consulte o edital completo no portal SSPPG UNEB.",UNEB,Especialização - Aluno Especial,Educação,15,2026-07-03T12:00:00Z,2026-07-13T23:59:59Z,https://ssppg.uneb.br/inicio/editalExterno/1571?selecao=1571,Encerrado,2026-07-03T12:00:00Z,UNEB SSPPG
2026-08-02T05:46:37.266320Z,Seleção de Mestrado 2026 - CFAC,Seleção de Mestrado 2026 ... O Programa de Pós-Graduação em Artes da Universidade Federal do Sul da Bahia torna público o Edital PROPPG nº 07/2026 ...,UFSB,Especialização - Aluno Especial,Comunicação e Artes,10,2026-07-28T00:00:00Z,2026-07-28T00:00:00Z,https://ufsb.edu.br/cfartes/documentos/editais/450-selecao-de-mestrado-2026,Encerrado,2026-07-28T00:00:00Z,Google Search (UFSB)
2026-08-02T05:46:37.266320Z,057/2026AR - Educação e Linguagens - Lato Sensu - Aluno Regular,Inscrições para o processo seletivo da UNEB: 057/2026AR - Educação e Linguagens - Lato Sensu - Aluno Regular. Período de inscrições de 25/06/2026 a 10/07/2026. Consulte o edital completo no portal SSPPG UNEB.,UNEB,Especialização - Aluno Especial,Humanas e Sociais,15,2026-06-25T12:00:00Z,2026-07-10T23:59:59Z,https://ssppg.uneb.br/inicio/editalExterno/1549?selecao=1549,Encerrado,2026-06-25T12:00:00Z,UNEB SSPPG
2026-08-02T05:46:37.266320Z,"060/2026 - Gênero, Raça/Etnia e Sexualidade na Formação de Educadoras/es - EAD - Lato Sensu - Aluno Regular","Inscrições para o processo seletivo da UNEB: 060/2026 - Gênero, Raça/Etnia e Sexualidade na Formação de Educadoras/es - EAD - Lato Sensu - Aluno Regular. Período de inscrições de 03/07/2026 a 13/07/2026. Consulte o edital completo no portal SSPPG UNEB.",UNEB,Especialização - Aluno Especial,Educação,15,2026-07-03T12:00:00Z,2026-07-13T23:59:59Z,https://ssppg.uneb.br/inicio/editalExterno/1571?selecao=1571,Encerrado,2026-07-03T12:00:00Z,UNEB SSPPG
2026-08-03T06:09:35.491087Z,Seleção de Mestrado 2026 - CFAC,Seleção de Mestrado 2026 ... O Programa de Pós-Graduação em Artes da Universidade Federal do Sul da Bahia torna público o Edital PROPPG nº 07/2026 ...,UFSB,Especialização - Aluno Especial,Comunicação e Artes,10,2026-07-28T00:00:00Z,2026-07-28T00:00:00Z,https://ufsb.edu.br/cfartes/documentos/editais/450-selecao-de-mestrado-2026,Encerrado,2026-07-28T00:00:00Z,Google Search (UFSB)
2026-08-03T06:09:35.491087Z,057/2026AR - Educação e Linguagens - Lato Sensu - Aluno Regular,Inscrições para o processo seletivo da UNEB: 057/2026AR - Educação e Linguagens - Lato Sensu - Aluno Regular. Período de inscrições de 25/06/2026 a 10/07/2026. Consulte o edital completo no portal SSPPG UNEB.,UNEB,Especialização - Aluno Especial,Humanas e Sociais,15,2026-06-25T12:00:00Z,2026-07-10T23:59:59Z,https://ssppg.uneb.br/inicio/editalExterno/1549?selecao=1549,Encerrado,2026-06-25T12:00:00Z,UNEB SSPPG
2026-08-03T06:09:35.491087Z,"060/2026 - Gênero, Raça/Etnia e Sexualidade na Formação de Educadoras/es - EAD - Lato Sensu - Aluno Regular","Inscrições para o processo seletivo da UNEB: 060/2026 - Gênero, Raça/Etnia e Sexualidade na Formação de Educadoras/es - EAD - Lato Sensu - Aluno Regular. Período de inscrições de 03/07/2026 a 13/07/2026. Consulte o edital completo no portal SSPPG UNEB.",UNEB,Especialização - Aluno Especial,Educação,15,2026-07-03T12:00:00Z,2026-07-13T23:59:59Z,https://ssppg.uneb.br/inicio/editalExterno/1571?selecao=1571,Encerrado,2026-07-03T12:00:00Z,UNEB SSPPG
2026-08-04T05:38:47.711695Z,Seleção de Mestrado 2026 - CFAC,Seleção de Mestrado 2026 ... O Programa de Pós-Graduação em Artes da Universidade Federal do Sul da Bahia torna público o Edital PROPPG nº 07/2026 ...,UFSB,Especialização - Aluno Especial,Comunicação e Artes,10,2026-07-28T00:00:00Z,2026-07-28T00:00:00Z,https://ufsb.edu.br/cfartes/documentos/editais/450-selecao-de-mestrado-2026,Encerrado,2026-07-28T00:00:00Z,Google Search (UFSB)
2026-08-04T05:38:47.711695Z,057/2026AR - Educação e Linguagens - Lato Sensu - Aluno Regular,Inscrições para o processo seletivo da UNEB: 057/2026AR - Educação e Linguagens - Lato Sensu - Aluno Regular. Período de inscrições de 25/06/2026 a 10/07/2026. Consulte o edital completo no portal SSPPG UNEB.,UNEB,Especialização - Aluno Especial,Humanas e Sociais,15,2026-06-25T12:00:00Z,2026-07-10T23:59:59Z,https://ssppg.uneb.br/inicio/editalExterno/1549?selecao=1549,Encerrado,2026-06-25T12:00:00Z,UNEB SSPPG
2026-08-04T05:38:47.711695Z,"060/2026 - Gênero, Raça/Etnia e Sexualidade na Formação de Educadoras/es - EAD - Lato Sensu - Aluno Regular","Inscrições para o processo seletivo da UNEB: 060/2026 - Gênero, Raça/Etnia e Sexualidade na Formação de Educadoras/es - EAD - Lato Sensu - Aluno Regular. Período de inscrições de 03/07/2026 a 13/07/2026. Consulte o edital completo no portal SSPPG UNEB.",UNEB,Especialização - Aluno Especial,Educação,15,2026-07-03T12:00:00Z,2026-07-13T23:59:59Z,https://ssppg.uneb.br/inicio/editalExterno/1571?selecao=1571,Encerrado,2026-07-03T12:00:00Z,UNEB SSPPG
2026-08-05T05:36:39.141124Z,Seleção de Mestrado 2026 - CFAC,Seleção de Mestrado 2026 ... O Programa de Pós-Graduação em Artes da Universidade Federal do Sul da Bahia torna público o Edital PROPPG nº 07/2026 ...,UFSB,Especialização - Aluno Especial,Comunicação e Artes,10,2026-07-28T00:00:00Z,2026-07-28T00:00:00Z,https://ufsb.edu.br/cfartes/documentos/editais/450-selecao-de-mestrado-2026,Encerrado,2026-07-28T00:00:00Z,Google Search (UFSB)
2026-08-05T05:36:39.141124Z,057/2026AR - Educação e Linguagens - Lato Sensu - Aluno Regular,Inscrições para o processo seletivo da UNEB: 057/2026AR - Educação e Linguagens - Lato Sensu - Aluno Regular. Período de inscrições de 25/06/2026 a 10/07/2026. Consulte o edital completo no portal SSPPG UNEB.,UNEB,Especialização - Aluno Especial,Humanas e Sociais,15,2026-06-25T12:00:00Z,2026-07-10T23:59:59Z,https://ssppg.uneb.br/inicio/editalExterno/1549?selecao=1549,Encerrado,2026-06-25T12:00:00Z,UNEB SSPPG
2026-08-05T05:36:39.141124Z,"060/2026 - Gênero, Raça/Etnia e Sexualidade na Formação de Educadoras/es - EAD - Lato Sensu - Aluno Regular","Inscrições para o processo seletivo da UNEB: 060/2026 - Gênero, Raça/Etnia e Sexualidade na Formação de Educadoras/es - EAD - Lato Sensu - Aluno Regular. Período de inscrições de 03/07/2026 a 13/07/2026. Consulte o edital completo no portal SSPPG UNEB.",UNEB,Especialização - Aluno Especial,Educação,15,2026-07-03T12:00:00Z,2026-07-13T23:59:59Z,https://ssppg.uneb.br/inicio/editalExterno/1571?selecao=1571,Encerrado,2026-07-03T12:00:00Z,UNEB SSPPG
